Index,Noise,AR1,AR2,AR3
0,-0.19981101340166293,0.27781421894082275,0.4743964134436465,0.11934136115063484
1,0.42304883491583367,-0.015737079374188334,0.056641413508205646,-0.0212254015709483
2,-0.8083450707075375,-0.9183227075476462,0.6166376449095984,-0.12773299328114113
3,0.5327644228080309,0.02779430101669944,0.23112469064489075,-0.1951443887813658
4,-0.6319246655701274,-0.3956114644759599,0.23964253532543242,-0.22629247131401645
5,-0.4480931618731266,-0.6143060646642824,0.15691053541613748,-0.3642544268204957
6,0.2995482560092124,-0.5197370914704939,-0.3139180109700463,-0.013576895531286437
7,-0.442412675323231,-0.6342420847169636,0.04476854670080159,-0.41101038283896785
8,0.18530557356770305,-0.661980641016194,-0.07297302781517044,-1.0058744784956706
9,0.4882699441833826,-0.2956717741930933,0.597160284723754,-0.09584341089075943
10,-1.037186293613125,-1.2658598570836952,0.292650442779955,-0.6251619637815287
11,0.356790838507043,-0.6822567893150177,-0.03721374462237359,-0.2835537095905081
12,0.6435681690100495,-1.274918468035343,0.6161657545680294,-0.42064111566783136
13,1.3352459909088001,-0.5231146528409744,0.39733779350568055,-0.09228354219928131
14,1.0896717301183771,-0.9732503102717408,0.2988799771812467,0.18470483986602865
15,-0.048494271970009835,-0.8090067780731782,-0.6244916009569546,-0.01896641336868675
16,-0.7750639848945985,-0.5445581370216008,-0.7308041367821569,-0.18994315356516814
17,0.23191601242685309,-1.0014284994083464,-1.033303214370083,-0.17365953130813688
18,-0.5764514360755565,-1.011620681426787,-0.20005309450554065,-0.3815412641447896
19,1.4658405254261995,-1.2827256897418577,-0.9225685876645178,0.3838239791485745
20,-0.9348948223927366,-0.6503495866282555,-0.3012499284324945,0.3473192349873742
21,0.09868008677515157,-0.7194503590097391,-0.1780436327567097,-0.13190391807673074
22,0.34452011331893545,-0.6474236164516678,0.34611449828758223,0.06863140413672741
23,0.10575148226177088,-1.4847893185364271,0.028070551757295656,-0.1284090596908727
24,-0.45281796093793275,-0.2941444409437196,0.12598188839516017,0.24716133814661823
25,-0.4998490911125805,-0.6864703943934063,1.0111139908340048,0.1638595631030459
26,0.24926256126979557,-0.686024036746109,0.46245091863154447,0.4282590209175755
27,0.39362540921246175,-0.3962772593425485,0.24959350645648437,0.21369231501014674
28,-1.1097539844565083,-0.4312569081107779,0.2501746998286622,0.7224089972381261
29,0.6122922182791175,-0.7166039024183771,0.6669042835854271,-0.07082632674710376
30,-0.6709336439694255,-0.6132501067520755,0.39937137769851916,0.7262528635556381
31,-0.3766707817642559,-0.4629688915342938,0.7900197502673412,0.8099517249877533
32,-0.16571546934017484,-1.0381757961451727,0.6676286007573778,0.35678309523528423
33,-0.9701559831762074,-0.8183429746907637,1.1715632222133716,0.14434271255228537
34,-0.9088151729645423,-1.8563703444773592,0.6749833806446949,0.4046170628617366
35,1.1990364058199894,-0.8393798885201417,0.7741679870851338,0.06719197945029426
36,0.8191992437498222,-1.5649618973044692,0.7076745025104164,0.34399265248588073
37,1.3435705458466232,-2.8875351397354665,0.9077001858422218,0.03428688323229745
38,0.9655769151928296,-2.9458147903876153,0.5134656959927327,0.6559384455328662
39,0.7602542607102241,-3.344265862661923,-0.442337770717255,0.14143249947061695
40,-0.4750059795576474,-3.233839528344439,0.30094022026794653,0.9535575540800334
41,-0.24301980517288418,-4.057339253242861,-0.3119603987808225,0.6687458767682147
42,-1.3018148752141967,-4.135956989172366,0.2794471785957576,-0.08656124521689212
43,0.5313441688489271,-4.574650327990037,-0.5669666709991412,0.6950796088240832
44,1.0375445882408625,-4.3226852889790806,-0.6105745567842246,-0.14319141798324542
45,0.8287453670418209,-5.2808710699096455,1.2240893460145135,0.1344822929377059
46,1.0136123589108756,-4.423568678512234,-0.06825513812970085,0.23667463694262603
47,-0.5042434327239567,-6.398794668783256,0.9931012252242666,-0.031136661098359393
48,-0.25240023067843304,-6.241227950214829,0.2470658669868789,0.8629897069292052
49,0.21281404206274002,-6.964542189507627,0.11585726147755637,0.28795298432242805
50,0.6915583456887118,-7.844887901841451,0.03373966656953112,0.011602434199010303
51,-1.0942420668982225,-8.555407655209423,0.9107131968249274,1.0160011860012312
52,0.14920489440504522,-10.17082724994071,0.6948525229020588,0.5054053831338605
53,1.0792956821371957,-10.510870120213488,0.6059601734335238,0.6915617995909646
54,-0.544736625637268,-10.175009172894683,0.5118534280627123,0.537593680029161
55,0.6435877463811539,-12.062699796345735,0.7986940820359414,0.5828421074275434
56,0.27024248601686185,-13.059388351054443,1.2607496821534765,1.1782668063496953
57,-0.9180750307944715,-13.756803463506955,0.6298431089571784,0.883481265214768
58,1.2854144306371826,-16.178685256746842,0.9719326971059411,1.2195988207931592
59,-0.4448134257914113,-16.33501057939898,-0.40917327986504237,1.5008319523204092
60,-0.46488518237390647,-18.758148216659688,1.2738179091121127,0.6222082164373225
61,0.9516702302768282,-20.401503617825746,-0.017243229407814253,1.6449448508981674
62,-0.5471302497656205,-21.650224114082725,0.3971163730000905,1.4383790130581737
63,-0.06864962848377411,-24.614136619394912,1.2850046004811546,1.0211382378096274
64,-1.0086607350909784,-26.69723818285237,0.6901734480043626,1.0808787267689939
65,1.6005631632241382,-29.624692645648842,0.12903172439016464,1.037385868641241
66,-1.874530546022405,-32.792020468218865,0.9043498634875793,0.7715340781188461
67,-1.180972079352542,-35.78185003324245,0.34011928942272984,0.9185261747367277
68,-0.5314123809874246,-39.5685299219773,-0.0864348692351673,0.6250587692379056
69,0.3223976165700025,-43.66276948139273,0.3869347449415139,0.7693691071573523
70,0.9460211161778087,-47.44760511356017,0.026532173025473088,0.46069531065384206
71,-2.768307228911115,-53.198722435128786,-1.2470650040261941,0.27256239780547037
72,0.8830076148124745,-58.50410633276954,-0.45341672655183934,0.6041370273529069
73,0.1652514304929595,-63.93303204497606,0.30431167228758893,-0.0020879365503260194
74,-2.085642862041253,-70.77279484788866,0.19150924391947932,0.22327315481238014
75,0.21464892972289498,-77.1253187480184,0.09267989373089361,0.41465982572049187
76,-0.10758487902257291,-85.65674481698096,0.3974162814400922,0.6211892468921038
77,0.006352856391205702,-93.55725777868574,0.3837096094797536,0.21202169080225025
78,-0.17469050511511272,-103.38308951077676,0.6983659667698208,0.6892255958193463
79,-0.3860172336581375,-114.63861970763601,1.0645908923856335,-0.03508259090312482
80,-0.15370506258657024,-125.74144845897469,0.7105816544518682,-0.12427696798294802
81,0.5870824733792229,-139.71894705807154,0.7696567059843995,0.31895983668899164
82,-0.6841837964330825,-153.43065707943137,1.1467314276330698,0.25119623880504754
83,-0.34432858140422357,-169.37241730461807,1.2394345068223855,-0.5387107570947427
84,1.4260810713543672,-186.69110178193966,1.551790010819206,-0.486758683353373
85,-0.1146209556903696,-205.69541331894348,0.8005650180219429,0.4833622947349919
86,0.0571634559391539,-226.4292292162941,0.9666634937717171,-0.48947482418592025
87,-0.6210247371088549,-249.77741085896818,1.3205056938244608,-0.8028834016791193
88,-2.9212229768745614,-274.62996718902366,0.9591102664227419,0.2620656142891411
89,-1.9182313891729088,-302.18444673211684,0.4254979053384077,-0.33058524162466146
90,-2.1715789441577407,-333.7136695041141,-0.10198584504175756,-0.4462569710864766
91,-1.1233292910301436,-367.7279937648766,0.6915211545877882,-0.10843632702213847
92,-0.4872713293190344,-404.6041627048536,0.336327334455529,0.037366440181641314
93,-0.4110900771041543,-445.43414652302005,0.6688027193142526,-0.8174456953031728
94,0.02173742090647863,-491.7474065502679,-0.2908883875105674,-0.741475066749702
95,0.9730306496976274,-541.3510545149519,0.481209976820163,-0.17173848408659176
96,0.522642700113839,-597.0958692322623,0.0766655984597987,-0.7082104021535554
97,0.2496509420916452,-657.4787424933412,0.19392471238869066,-0.3906930333145566
98,-1.1945689009618994,-724.1529276923033,0.04743231111563849,0.04490782696816381
99,0.08423294753775103,-797.4609404549445,-0.776848834028915,-0.9929671066817136
100,0.5474167604529965,-878.7328046238916,-0.08572343921617634,-0.4690645300617322
101,1.2717295659044077,-968.6050360959176,-0.13521565376446687,-0.8103855427093174
102,0.5723443972975403,-1066.175870545882,0.7024045632430787,-0.533221060694024
103,1.20312712322766,-1174.3877660431533,0.6526522268188013,-0.4279615027169147
104,2.0101145091387407,-1293.999233263564,-0.17527073162471163,-0.5875200095543617
105,0.49202994430439123,-1424.036133884958,-0.46451785543529184,0.1455962906015562
106,1.0698764964772935,-1569.132441212879,-0.2817221684341272,-0.5894962519833745
107,-0.16378948356145115,-1728.0800866542088,-0.37227205421300946,-0.5419336399520343
108,-0.04843759204026003,-1903.4122846972843,0.1886482663595373,-1.0901631744890392
109,0.7718375882551011,-2096.60921466001,-0.18027559665089862,-0.7739511283021163
110,0.36660074648073676,-2309.3722396122616,0.17907373012969813,0.30498226187459887
111,0.19063382448529254,-2543.78714509965,0.18850142640448034,-0.914275731786447
112,-0.22580993002177582,-2800.956894177519,-0.30675093448888724,-0.28550128642683337
113,0.5965647220986413,-3085.5464504382508,-0.19048093379628311,-0.31652986197120003
114,-1.6607267220653787,-3399.5147676548386,-0.49139876166865676,-0.6343638371459568
115,-1.127965838746124,-3744.682768003559,-0.6389539842011196,-0.364196348303865
116,0.168193789377978,-4124.429262122449,-0.6819662120707464,-0.5874500881085424
117,-0.6331532251907659,-4543.039395066721,-0.9752375904323058,-0.17860419084781737
118,-0.8803384447419025,-5004.018327233657,-0.370563164978854,-0.42399079562441727
119,0.6369917223126266,-5512.858527244121,-1.0346733671729411,-0.414477546347983
120,-0.39248342117179214,-6072.594725880473,-0.4578567423728628,0.021431242639142922
121,0.45002659940211764,-6689.039569253238,0.19559608146218566,0.1369925396845249
122,0.1141150898142836,-7368.005592014118,-0.19198924680816754,-0.259881974733732
123,-0.8311010615445609,-8116.674962540139,0.047812376550661215,-0.007407570296222713
124,-1.5291931697597858,-8941.09877999984,-0.37688932970191624,0.11429433677027963
125,-0.08361584110700211,-9849.120735103676,-1.0002255709818286,0.10309488087239935
126,0.9959543441098617,-10848.701991911073,-0.5774352432108033,-0.319352618487747
127,-1.0924031424577694,-11950.910938377123,-1.0686889007638092,-0.4502291404917699
128,1.0225576079373369,-13164.634244528463,0.45391120897393533,0.08412554339273404
129,0.6889905952114717,-14501.661668898041,-0.32036847440514143,-0.38420431264067917
130,1.4087246415976902,-15974.469626311755,0.8760481057336341,0.15435635988033064
131,-0.9866603440721535,-17596.213304910565,0.023645980697252073,-0.7665008521814526
132,-2.915217533489938,-19382.906180499394,-0.6065166492471932,-0.5645191295788543
133,-0.16439701867565948,-21351.950689224042,-0.16307556674894352,-0.5972732182934549
134,-0.36118817095906275,-23519.93595821863,0.6744439409895144,-0.7759299440679254
135,-0.39370350898636514,-25908.290543096224,-0.7629033946750634,0.25795922043613817
136,-2.358050041841758,-28539.57535723049,0.7272817835701257,-0.801110007212145
137,-1.5556242759856573,-31438.340563279184,-0.17406575848056388,-0.47901974764401367
138,0.626001651910795,-34631.32048477453,0.014244156832508154,-0.11393918814580314
139,-0.10363091558302702,-38148.61402406092,0.07837074842785449,-0.9219820103401741
140,0.8015454874579926,-42022.29582997416,0.36142997873190846,-0.08807039812355266
141,-0.4910829117734054,-46290.700467901224,0.21497013351383903,-1.041260187556462
142,0.0010575960210188345,-50991.420888114626,-0.023592162220850754,-0.5861110394371486
143,0.524662639248729,-56170.360431202585,0.4889438720789142,-0.7534369120150877
144,0.17041189924204098,-61875.682292755744,0.2647969431559732,-0.8177449170599591
145,-0.7156767269664354,-68158.72335436454,0.7393861931109247,-0.4164226961792912
146,0.6302439940963931,-75082.18567487624,-0.11919425036155573,-0.7293263538819803
147,0.030862780798364988,-82706.44471511056,0.8768856357871421,-0.32199856557687245
148,0.22726258356769877,-91106.08511392811,-0.3861652272913259,-0.2503460659977156
149,0.014200456154857608,-100359.23991090686,-0.0184489312411161,-0.35276799320667684
150,0.3725160488265173,-110550.26987914953,0.3759017099033124,-0.2790951610716722
151,-1.824051799032311,-121778.9796205995,-0.28193916557529203,-0.3690934308003314
152,-1.8262692786578807,-134146.93780832662,-0.5165395921216589,0.7325123836582422
153,0.2684473246488418,-147769.89507514582,0.5378957010180749,-0.3178720375456722
154,0.5915270838472122,-162777.6619693242,-1.1739680108601027,0.39715588897519677
155,1.0489416517482595,-179309.668427969,-0.9773085692721348,-0.038926601733578176
156,0.8361325930503951,-197519.9641301702,-0.6214422289179875,-0.11859511865476559
157,-1.8536753178529721,-217579.92652974985,0.00042059820220208266,0.34523408175225323
158,0.942852350296356,-239676.82248404098,0.17432792729106686,0.04995980322180592
159,-0.40547349310907865,-264018.92482802283,-0.3557034904876915,0.25512469454957365
160,1.6459065696264301,-290832.2717295684,0.3610722375344211,0.10326959393534615
161,-1.1724750860872464,-320369.04093645734,-0.3989102666120057,-0.11216804507922291
162,1.8833392149465076,-352905.3354608971,0.20337910049091726,-0.02651241541650569
163,-0.27773052670752635,-388746.03935743903,0.03757763560753402,0.39694067539613065
164,0.1802714195977338,-428227.5553675141,0.35907344966696075,-0.13503408763272046
165,-0.05954341766074651,-471717.1313117858,0.5809190078535544,-0.039931859991919436
166,-0.620033666048265,-519625.3500494343,0.4135857415700111,0.2719383771952936
167,1.0977060530746514,-572398.1762058879,0.9351898258992846,0.4553993680228138
168,-0.31133210903840036,-630530.3938423949,0.10558105395971473,0.1573774746729214
169,0.4965217385008863,-694567.2536297624,1.0656619343381666,0.21317745188861398
170,0.45065370867787413,-765107.0092700411,0.563829710003425,0.07257635042127505
171,0.48871359674525855,-842810.1323454423,0.47396827363494753,0.6631342623440764
172,0.9476328448575257,-928405.5853022672,-0.047278687390782836,0.06300754083501375
173,-1.5731527118528483,-1022693.8535665813,0.6100491383981109,-0.13527468378034577
174,0.36429275391750715,-1126557.962325855,0.654379554298725,0.004307536335726669
175,0.9825820917552652,-1240970.8364230485,1.2557714036719656,-0.6369327310108525
176,0.7558068920776161,-1367002.798398929,1.0238731872163078,0.49902648731101945
177,-0.5051724448806989,-1505834.822593375,0.7811605956820222,0.12165704735184835
178,-0.32307966342654854,-1658766.5867091222,0.6787101162099377,-0.036177446831445394
179,-0.4637591368118508,-1827230.0377551552,0.8206642879299129,-0.5959363694380297
180,0.14939784167797393,-2012802.2549790712,0.81320176279798,0.1978830442209412
181,-0.12997987793263718,-2217221.2540468485,0.9018744594284782,-0.14668298075321967
182,-0.35347564205423143,-2442401.4465772132,1.0276392442420315,-0.06407486199323324
183,-1.7334567595025903,-2690450.335463801,1.4018110816996265,-0.25296177679380877
184,-1.6624558618286116,-2963690.8467677888,1.613021445610907,-0.42572615626536336
185,0.5400203883744558,-3264680.482654053,0.005678345508154603,-0.08580410817379078
186,-0.25949682604318935,-3596240.1893350407,0.010291320070127896,-0.5651360922397819
187,0.23015967739673557,-3961472.3436852675,0.5029523155694061,-0.48653254218515773
188,0.4697312221049215,-4363796.664443547,-0.1591981956736135,-0.4601751004524236
189,1.513527512836655,-4806980.977918265,-0.3293846935453874,-0.8491213138197045
190,-0.20066593973231342,-5295176.082697065,0.1536194986184568,-0.8876808186300038
191,0.10040268989810498,-5832950.67083213,0.9074638582147309,-0.7444368384473373
192,0.7393145610420536,-6425341.619598705,-0.021397720845944268,-1.1896676929011427
193,-0.9907668377970501,-7077895.139547399,0.35100391299179556,-1.292490973100393
194,0.23687523698851973,-7796722.079850201,1.116005025993155,-1.1292291543931663
195,0.4074700696856673,-8588552.10294857,0.6922373017934306,-0.9351826846610477
196,-1.7133372686133244,-9460800.404561877,1.340524240693021,-1.0573608754587116
197,-1.393712059071233,-10421634.396820612,1.1191827715729372,-1.1354377464926606
198,-1.085076399488204,-11480049.596537778,0.6018509477711614,-0.9570081426333488
199,-0.5624496965771061,-12645956.09451021,1.2562058604050745,-0.9078913547155311
200,-0.6285701869050394,-13930271.854746375,1.0831446165326675,-0.16419612978655407
201,0.6058588256289393,-15345021.87236879,0.6781874258986338,-0.12008402906110038
202,-0.7238173108219188,-16903453.627377886,0.3745671866196186,-0.2118270431451153
203,-0.643792571861685,-18620157.981624305,0.6266939900559891,-0.1883781416345666
204,-0.7868283892947977,-20511210.17837269,0.314570437580293,-0.07920123532584938
205,0.5332763952953982,-22594315.541648686,-0.1159856265408693,0.2158682253124327
206,0.3820165063078468,-24888981.423668936,-0.20505921490069634,-0.016158641654867793
207,-0.16092143917177051,-27416691.347275212,-0.9132882905615782,0.2839393972846669
208,0.549853833263909,-30201113.548295464,-0.15866041367608352,-0.21352369628872198
209,0.0998058163564881,-33268320.314768564,-0.41943857932765033,0.030365661914422314
210,0.944140836034588,-36647031.06497826,-0.35753217141742555,0.3654409502081421
211,-1.0597423857659318,-40368880.911261365,-0.14192610577256895,0.10918939915552789
212,1.0615598555858867,-44468720.70790459,-0.5404090280123595,-0.15608872828811785
213,2.02464906096681,-48984936.96196054,0.2416678934942738,-0.110941374526662
214,0.9393435838685792,-53959818.91270204,-0.3787803376559447,-0.23386956893441818
215,0.728963384025508,-59439945.15556146,0.6345035575632094,0.08316013776987716
216,0.14586850317746297,-65476630.967589036,-0.2994465399201067,-0.18930654174906858
217,-1.1622543739099258,-72126398.2404448,-0.5022841875836278,-0.3828288384416457
218,-1.1670345603840717,-79451512.69430344,0.4620893766041389,0.5002609859031969
219,-1.9376834565407024,-87520560.41796124,0.6717751945200157,-0.014638122435781387
220,0.22972321411702107,-96409096.85133085,-0.0898237000265723,-0.29250371824470844
221,-0.5793623849623949,-106200346.65161282,-0.4144984527133012,0.14159476070435456
222,-0.7714101097093053,-116985990.88028689,0.14703708709529303,-0.339135544127831
223,1.5664770199414206,-128867018.13409825,0.053629343422410033,-0.2792320167856669
224,-0.5173834556756084,-141954675.54920715,-0.5284379650525182,-0.3989082866255455
225,0.14593270541396175,-156371508.16216284,-0.0025125864150626898,-0.1076038504434409
226,1.266516960548389,-172252504.65669152,-0.09098856328149331,-0.8933861155945876
227,-0.5657652113336751,-189746367.33718115,-0.00507930558792196,-0.7379818643311096
228,0.7910624226784838,-209016894.78174618,-0.3253642618808971,0.04866149343268911
229,-0.4553073167013669,-230244526.84975561,-0.1245790334399293,-0.045764684644165055
230,1.093189417115754,-253628024.14269796,-0.4785053448719827,-0.2486426508063307
231,1.158039046878504,-279386334.1568506,-1.3304779669595335,-0.4407380514909436
232,0.3449841699657254,-307760644.9113091,-0.9599230705182724,-0.39312347567826195
233,-0.12210590677810221,-339016633.53038806,-0.5337419306833295,-0.4476064126669087
234,0.1348278306421867,-373446959.75866807,-0.47642301862658776,-0.15475763655023722
235,-0.03145750922129025,-411374010.7609122,-0.38661246468866317,-0.5020970775655742
236,-1.0735264248322887,-453152910.28345466,-0.7249839325134455,-0.3873600492217413
237,1.0323870185612647,-499174849.0710837,-0.9199382122062132,-0.441017751302944
238,-1.952636172632436,-549870750.1206782,-0.8334994590577139,-0.703907762344091
239,-2.858209154590804,-605715295.2602297,-0.8582067803857981,-1.2690043409158818
240,0.958360598209903,-667231378.8297144,-0.5709189683971712,-0.38120789106376723
241,-1.5238527724403272,-734995002.0915014,-0.6244092315096044,-0.21062342657106337
242,1.0052809681683872,-809640656.1547321,-0.06738386807670887,-0.6601872384066
243,-0.004028281648119908,-891867279.4729722,-0.8257090919356247,0.12384499981084512
244,0.5579080225992954,-982444789.7617806,0.7474363355333977,0.048045142519405476
245,-1.6991524550615869,-1082221297.380097,0.1526525749182293,-0.401868349345748
246,-0.8560542773153619,-1192131046.9888954,1.0339813773741482,-0.6726025725392759
247,-2.370887377368169,-1313203165.888566,0.9189832212567414,-0.38643320353735383
248,0.33683189665844016,-1446571296.817718,1.0762242811961302,-0.3547050235068139
249,-1.2966353105730855,-1593484216.57559,0.668017328702673,-0.5954646157202923
250,0.17118265225607404,-1755317524.3177707,0.5811332693265405,-0.7623909750984339
251,0.8303465444114434,-1933586526.6442494,0.1556878930160126,-0.4491097776301209
252,1.286332448001129,-2129960422.0105758,1.2731197656018192,-0.7176842483539538
253,-0.11409645250431703,-2346277933.1126194,0.696990016267938,-0.6900392719448905
254,0.48663634649307136,-2584564522.4637084,0.5058346650929073,-0.3868478409802223
255,-0.06705199377684357,-2847051355.5406566,0.6973471319277514,-0.4521262489575445
256,-0.7225292010079573,-3136196195.9969077,0.4135569779347698,-0.058630802066706234
257,-0.027513324483302806,-3454706413.173856,0.006156812996176986,-0.8764238628761446
258,-0.7359634709404025,-3805564338.293396,1.2507934268073577,-0.7211225499174599
259,-0.23877214699047164,-4192055185.964973,0.20890376995687893,-0.15511873708682344
260,-1.9547964866913525,-4617797814.015411,1.6128346432133451,-0.21706391833723127
261,-0.771065793685404,-5086778609.094136,0.37881568376626634,-0.533574937330597
262,0.6968448443333937,-5603388814.22419,0.9677557292314953,-0.7682487440175719
263,-1.8525327221823957,-6172465645.9791,1.0943043701445416,-0.4215184251276714
264,0.3457661411978731,-6799337579.218444,0.999961286553294,-0.8419197931919529
265,0.6614269849104376,-7489874253.687233,0.025040536535779534,-1.3364416513601007
266,0.37228705212112223,-8250541422.677933,0.2485956719798899,-0.7282101862225205
267,0.5839654708053142,-9088461494.986536,0.2100616834269637,-1.203243400561861
268,1.2124800257204136,-10011480230.772585,-0.13720507442137275,-1.2674355948220826
269,0.8536556269621068,-11028240198.910984,0.40820375466059244,-1.6125640786584596
270,-0.38882747205657503,-12148261705.831944,0.46578558544959014,-1.0169227910688285
271,0.008519256236857327,-13382031928.032133,0.2414444532748745,-1.2998177167817833
272,-0.2669264894129456,-14741103119.237095,0.35408190259607786,-1.9477129686107089
273,0.790109493688762,-16238200771.182985,0.4090825982393611,-1.5430253949926658
274,0.0021819643289690102,-17887342770.26337,-0.5030723398289606,-1.7757360475245934
275,0.7132341962141295,-19703970647.2492,0.13126749737777188,-1.4010260856926473
276,0.44356929918844895,-21705094168.590332,-0.3799515047875546,-1.8232020841770953
277,0.3276037794088201,-23909450604.214252,-0.9629314013080791,-1.2569725409253987
278,0.5791946085106471,-26337680165.773518,-0.6943066794541606,-1.6065576012474971
279,-0.6958038001855423,-29012519274.783302,-0.2917866888631405,-1.3400354350679402
280,0.9378525412446902,-31959013451.104404,-0.5525581709543916,-1.2108331904707583
281,1.2584444959467609,-35204751821.56353,-0.08022997220763178,-1.490777654974958
282,0.5717758734092151,-38780125446.32263,0.4615466255558669,-1.0185355525007533
283,-0.6858252733810216,-42718611887.23112,0.45159319433801226,-0.7706464658156993
284,1.519578976590524,-47057088665.37758,0.07098432259568832,-0.8294604870883567
285,-0.15827649688077366,-51836178561.347855,0.08073301178998171,-0.5527309302931607
286,-0.7420122594314729,-57100629979.2307,-0.01745853735299141,-0.495130657813044
287,-0.45146851332110693,-62899735948.265945,-0.5073293296527369,-0.3726575085954114
288,0.9873632864561469,-69287795665.57684,-0.5121933796168399,-0.7514100895799469
289,0.6830776721998535,-76324622921.73396,-1.3800887873705387,0.04726393720685412
290,-1.1565888988789355,-84076106162.8157,-1.117942131195043,-0.6410415985633255
291,-1.27911467401884,-92614825424.52173,-1.4117130771322945,-0.12992840639945152
292,-0.5059394492428012,-102020731928.93088,-1.2063175393099366,0.226800793874554
293,-0.1800287585034041,-112381896694.90561,-0.9522720460691194,-0.34119431693524815
294,1.002337430897179,-123795335182.02797,-0.9813049983905726,-0.3654061284943314
295,0.22968766452261277,-136367915685.6981,-0.36645003993980474,-0.41950984882503684
296,0.5102684152772929,-150217359974.64462,-0.8295173489745327,-0.3189422382520524
297,-0.07059782876960267,-165473345577.0895,-0.07634169620996545,-0.42118378498645825
298,0.1055690313805289,-182278719989.60403,-1.0192809994579415,-0.280448515698602
299,1.2882972780543422,-200790838218.27927,-1.7032745877821025,0.2119293468627601
300,-1.288149710824574,-221183036146.29456,-1.4133756678965275,-0.16302339379524336
301,2.2381017259000995,-243646253549.06946,-0.7136361586552813,0.5491156187294851
302,-0.21448459613982135,-268390821931.58493,-0.7540362802414394,0.9497571644719407
303,-1.6023175192436083,-295648433940.4701,0.7762918155144977,0.6966052055501871
304,0.682016778334856,-325674312787.0223,0.15117110333639083,0.7198284645631073
305,0.7985590391918412,-358749602006.98944,0.5007089192557741,0.7494710585790417
306,0.13681736460045774,-395183997897.4079,-0.5378435400770809,0.49418440025206706
307,0.38451643941095326,-435318649332.12695,-0.549466352549558,0.7117817793787734
308,0.6124278422834316,-479529352060.7234,0.5261208368490053,0.8232546445024886
309,0.5626408237135141,-528230067423.804,-0.07583293933939632,0.8224077508415608
310,-0.23799895798935844,-581876798431.1365,0.49213474302120175,0.9533211829418102
311,-0.17905828629582496,-640971859485.3141,1.2438736350711443,1.0151163895232016
312,0.6512755023986115,-706068579738.554,-0.19961956215376886,0.6779193783492063
313,-0.37486011913807016,-777776484127.3878,0.6654559963394391,1.0677981140382906
314,1.3861630609114726,-856767000572.5352,0.07042110528524895,0.42133124407535993
315,-3.1879320625580245,-943779746817.1099,-0.0893609671531308,0.5019475173903691
316,-0.5734339970658048,-1039629455741.7087,-0.2939120827757975,0.7450933076966383
317,1.326436327208539,-1145213604011.0254,0.7225680192122762,-0.5972051186667817
318,0.6771724719981157,-1261520815486.7896,1.1387592938104565,0.14913946340521314
319,0.07699767576963146,-1389640118082.4854,0.40605266088793784,-0.775891199091636
320,-0.26078526035200306,-1530771140736.0784,0.967211412912032,-0.40097024606465137
321,0.13085697703018154,-1686235345985.0479,0.32308447957700576,-0.7443312671278335
322,-0.9660686981907967,-1857488403316.8242,0.7082418614456687,-0.13392621269024912
323,0.6107568778701029,-2046133819143.9329,0.1626544390239436,0.05966282444529686
324,-0.4013385415486399,-2253937951036.1187,-0.09981598101177458,-0.4228623547783026
325,-0.9712776859406499,-2482846546785.8184,-0.23495667213942328,0.16547572756000178
326,0.07818447110352786,-2735002963167.761,-0.08425071055935035,-0.29386591921671185
327,0.7152558201746672,-3012768235002.0396,0.13601490468044994,-0.24389870448887668
328,-1.378714915332862,-3318743182392.3594,0.1326622656783776,-0.20734722418383345
329,0.9150129562097231,-3655792763186.526,-0.20055332610074691,-0.20338608102802264
330,1.387767540579895,-4027072898641.892,-0.1221573439440839,-0.1766997218358182
331,-0.5477818486028424,-4436060023501.093,0.10865645976863694,-0.44379897087733977
332,-0.9104600134457725,-4886583637147.076,-0.5158865744606488,-0.23556537477071518
333,1.7566558219665882,-5382862160641.598,-0.2593897181005713,-0.30225319346140506
334,-0.6833652020734712,-5929542435372.422,0.011994995562344068,-0.23803562229898645
335,-0.18357490546924415,-6531743233176.159,-0.2039257012713916,0.07015496599098714
336,0.1845773076835566,-7195103185303.063,-0.09109158067022646,0.26127439257206253
337,1.14508870579795,-7925833579037.523,-1.0189164349323434,-0.03328681906644036
338,1.5489227967320804,-8730776516299.961,-0.3107872955043065,0.30333385019272985
339,0.9585345752718673,-9617468978806.676,-0.7370032944030098,0.3810139630752961
340,-1.355847187232446,-10594213399646.037,-0.2963820080109464,0.7470820353814036
341,0.37608590976906475,-11670155402069.486,-0.4200780200827715,-0.3406949760371269
342,-0.7400506105747324,-12855369433371.568,-0.16465686884480563,0.4366837471840722
343,2.757204149081509,-14160953095721.957,-0.3720447729306961,0.3628211247903717
344,0.28129112210818313,-15599131057147.934,-0.5144889666239374,0.012949443178950734
345,0.9703189501047358,-17183369515685.93,-0.8918508303112467,0.5496564393914825
346,0.3651056502655565,-18928502288421.1,-0.43976604948565756,-0.1058658760925345
347,-1.7983919197889775,-20850869706065.47,0.13543715295225578,0.6815188320159045
348,0.196676851014172,-22968471613588.137,-0.8553168151362485,0.13502686181251622
349,-1.0071543476404727,-25301135909488.434,-1.594532320602112,0.18522018427673198
350,-0.458865245806669,-27870704201828.035,-1.2933520970447878,0.21605860014142186
351,0.1933216709897781,-30701236319373.992,-1.0036014512778837,0.5341009780131662
352,-0.5145513433958215,-33819235592770.918,-1.779449712653299,-0.2827814198862084
353,0.6621352536426,-37253897015136.445,-1.1391380796437987,0.28234735203644573
354,-1.416756892198454,-41037380605700.766,-1.1695969275165279,0.29906365526782436
355,1.0836956869448875,-45205112536089.85,-1.32981357859971,0.2784445959082309
356,-1.1328439044664849,-49796116838818.055,-0.6335088682354739,0.6249632587016409
357,1.9983816782402737,-54853380803898.805,-0.7269579692997559,0.35349351140654856
358,1.0985649870508238,-60424257484913.5,-0.7737299014759109,0.17706011319911363
359,0.23222401853655972,-66560909083357.32,-0.3626163525693732,0.2598127093935101
360,-0.5840150985109582,-73320795362839.84,-0.6569919654829092,0.28723249588234534
361,-0.7056005300730853,-80767211666340.25,-0.6221107839073506,-0.00320377222590168
362,-0.061124590326720706,-88969881574164.05,-0.5150228447268269,-0.05836579277719628
363,-0.2665256483664726,-98005609751903.55,-0.35778441931810795,-0.3842793630229885
364,0.3239961127773656,-107959001101240.77,-0.3273691373603628,-0.12888585394241286
365,-0.07137153166708257,-118923252947277.39,-0.996401970343172,-0.47601265692271594
366,1.5995301323152964,-131001027679937.05,-0.9109997504122394,0.13842975406615565
367,0.6672436696125917,-144305414020317.53,-1.600422720781078,-0.09380007805334385
368,-1.5499963106287575,-158960985912664.62,-0.7164021016328823,-0.05689437474778919
369,0.27774080223844566,-175104968956803.9,-1.1078733441749509,-0.3803446283071061
370,0.6508579677246683,-192888525302738.5,-1.167769343063939,0.14370105417601695
371,0.16612641892034097,-212478169038384.84,-1.6135392067992842,-0.08118486149907468
372,1.6298963279906664,-234057325323250.62,-1.5098878442114674,-0.3116345407606046
373,1.1381064794964069,-257828047866774.34,-2.6877132906581975,-0.27301397138720285
374,0.11288515741336792,-284012910832783.1,-1.428424606555428,-1.1133334887180517
375,-1.025598146280414,-312857092884599.6,-1.5846002099876213,0.09821803618150371
376,-1.3633649856034202,-344630672884554.25,-0.9179389873532093,-0.1896172548196156
377,2.138862306867562,-379631158743363.56,-1.8085996470430536,-0.05311132462213142
378,0.3154872750891781,-418186273097945.1,-2.353274147924784,-0.08220899675470236
379,-0.27066970722916694,-460657021901015.9,-1.9379127956234266,-0.5665672086747708
380,-0.5841504129443139,-507441074654812.9,-1.998970614200397,-0.43214556707147944
381,2.216658139250201,-558976487939352.4,-2.014741385355717,-0.17519623540386797
382,0.44980038712280995,-615745807099989.2,-2.0027752999114234,-0.45145592852904504
383,-0.2173028141596925,-678280584499921.1,-2.1453350268317513,-0.6678656899556452
384,-1.032373889137722,-747166356643733.5,-2.9548375851527755,-0.2204839657886041
385,0.8546239101694622,-823048126774645.4,-1.0798268936949806,-0.16359650620368238
386,0.043285864970533244,-906636404281056.2,-2.3987546611774593,0.13782227110599143
387,-0.3613439534426112,-998713857461640.8,-2.453213100429323,-0.2867398203137684
388,0.8521660161987913,-1100142641941286.8,-2.71414782440056,0.3254911238612958
389,-1.394909463953304,-1211872473356604.8,-1.6883429834101573,-0.42536781790896755
390,1.5430377820422991,-1334949519898560.5,-1.1389823757220083,0.3983840518224501
391,1.3352608015316876,-1470526197976444.8,-1.1180409907961533,0.13291668291106296
392,-0.016809643658281075,-1619871962723635.8,-0.8962096962844941,-0.005092617176411882
393,0.6996346285103053,-1784385194380710.2,-0.4666316718838501,0.08432685129404305
394,-0.06713381907267991,-1965606291852529.8,-0.6685036668761388,-0.35653868782716625
395,1.784620099088921,-2165232096039195.5,-1.0357543045595579,-0.18623352337634252
396,-0.08315450457488291,-2385131777991898.5,0.07373150504544945,-0.2917422310482017
397,0.2814438559176465,-2627364340660418.5,-0.1175529008841899,-0.1250790141875052
398,-1.2119099771702286,-2894197898107666.0,-0.9085206647018247,-0.044032725306524384
399,0.3766914099607884,-3188130912709782.0,0.3911207544153782,-0.5641432207764657
400,-0.9605179591463618,-3511915589193615.5,-0.13906378507429307,-0.22079618501000559
401,1.1815542801068981,-3868583644558723.0,0.1661660136705968,-0.24776240502862654
402,-0.36055571468427683,-4261474695177295.5,0.574877636278433,0.16803570900847448
403,-2.118860983111812,-4694267526871038.0,0.9103290862548103,-0.2546612801438237
404,-1.5113963965738961,-5171014540758438.0,0.07182517812507971,0.04031012095336137
405,-1.6812687269835678,-5696179697401766.0,-0.3379241091265921,0.07431163876190214
406,-0.22786127533438438,-6274680314539034.0,0.2892955035818133,-0.17545245945212515
407,1.5908260713885372,-6911933109768726.0,-0.05728294152844944,-0.23957451056380852
408,1.3974139154677239,-7613904919302157.0,-0.19018131091241894,-0.03544758755610907
409,-0.10316193020322889,-8387168567682121.0,-0.9781423619348304,0.00717781965087963
410,-0.5581674257446216,-9238964411596872.0,-0.7175953725575728,-0.2975636904415117
411,1.8951943127028281,-1.0177268134047196e+16,-1.3611639677872023,0.1344363619943577
412,-0.23162615454801266,-1.1210865423648728e+16,-1.1683795630204221,0.08111222686595057
413,-1.0151900487604715,-1.2349434238319712e+16,-0.8787765602644643,0.3838446286216948
414,-1.2782332815797874,-1.360363542361988e+16,-1.42690775155199,0.4362477308484962
415,-0.5343848557722476,-1.4985212534233886e+16,-1.0312482877732674,0.7619477141380071
416,0.5062673455262718,-1.65071017932651e+16,-0.8061432047596516,0.17883722815369973
417,0.7588547563813184,-1.818355321892981e+16,-1.0690269858816623,0.9134104558726941
418,-1.9686354566756818,-2.003026405280631e+16,-0.7177296732389009,0.6816625483745897
419,1.0252048637748885,-2.2064525738977548e+16,-1.214565804597194,0.23032890886377488
420,0.6736245596351459,-2.4305385830287852e+16,-0.27647600816800444,0.650599960104559
421,-1.3020311789269783,-2.677382633770276e+16,-1.4797926611169179,0.7421800146976629
422,0.7903105137549509,-2.949296019272353e+16,-1.5679575468908147,-0.25400586796948155
423,2.2278877619481405,-3.248824766240744e+16,-0.4035638697531607,0.3082675506076371
424,-0.7930923531587446,-3.5787734743368724e+16,-0.9469822477868638,0.4844111214227461
425,0.8753016296380834,-3.9422315766932136e+16,0.390187417908474,-0.46941672614838714
426,-1.7654602881427879,-4.342602267430956e+16,-0.6865475457688119,-0.19674416689830393
427,-2.0645213887810008,-4.783634367039122e+16,-0.4042035114478103,0.5157416568054691
428,-1.245543497101252,-5.269457423982612e+16,-0.28173951343401954,0.06298908894456548
429,-0.384588637267751,-5.804620381208659e+16,0.9975598234735727,0.2518105719044358
430,-0.36685929754226526,-6.3941341696006344e+16,0.319030740780461,0.4400991584130827
431,-0.10755173763235566,-7.043518627197663e+16,0.2561266243987296,0.25209014223286885
432,-1.579664146483593,-7.758854183502234e+16,0.869362155608417,0.9732518115701534
433,1.5843813879978592,-8.546838792815293e+16,1.5895216498565083,0.9228230263936485
434,0.8883347717137464,-9.414850649686957e+16,2.224395895668456,0.47290537897114937
435,1.5170727509023842,-1.037101727371103e+17,2.008484498540735,-0.09305487784305833
436,0.8893191164946597,-1.14242916105301e+17,1.6066440292285094,0.20918303698114166
437,-2.4817639512309926,-1.2584535861613392e+17,2.178044312930314,-0.09763337819429968
438,-0.6339967241757435,-1.3862613827736928e+17,1.32856994019397,0.2016598513310161
439,-1.0425005053596723,-1.527049263081251e+17,1.0266786657124125,0.4033286853638457
440,0.07218030221966161,-1.6821354766525088e+17,0.9264457392108608,0.27866480613361666
441,-0.7609900392236263,-1.8529721536969216e+17,1.331106711274829,-0.06896435362965503
442,0.13254544899958332,-2.041158901903056e+17,1.4250451481195467,-0.092666310001214
443,0.07323822133028839,-2.248457784163522e+17,0.9058001952735757,-0.14452171590432397
444,-0.7672810380389551,-2.47680981742873e+17,1.5257231065923123,0.37745626829807516
445,-0.17287191692224582,-2.728353147174407e+17,1.8701485356930414,0.009960024199538231
446,1.4039024519899879,-3.0054430676572077e+17,1.7206551328927886,-0.2739169157247593
447,-0.3554387208086598,-3.3106740754155616e+17,2.290002248623376,0.5611381808399044
448,0.15375430213391672,-3.6469041625109286e+17,3.0045541248643026,0.2009688525987529
449,0.7767557837303722,-4.017281576976165e+17,2.658383363984102,-0.30822167999875727
450,-1.7758348640002373,-4.4252743010390925e+17,1.9843051973907464,0.2937269253332725
451,0.3574746317139744,-4.874702523136883e+17,1.7842858880120471,0.06525345129184715
452,-0.7588577420974779,-5.369774407768892e+17,2.0887489820147644,0.09193415109454221
453,1.7373776395926166,-5.915125498114437e+17,1.8835805508568093,-1.1927268780673448
454,-1.6891865543525395,-6.515862120356963e+17,2.8293590097237438,-0.012625129634607074
455,-0.6898957788026548,-7.17760919612552e+17,1.1643611544529398,-0.048272910742456376
456,0.5286500193364552,-7.906562910739322e+17,1.649887549530834,-0.22760442986087548
457,1.074679334329341,-8.70954873040784e+17,1.8081030330076575,0.15425838111509174
458,0.9063570626382244,-9.594085311623188e+17,1.3685614726148858,-0.3206911303400246
459,-0.8261472404158755,-1.0568454901152333e+18,1.2421266938860909,0.1522366030326014
460,-0.40499909992783223,-1.164178088581057e+18,0.050033179675023076,-0.3660546567002301
461,0.7142606359042537,-1.2824113218143805e+18,0.43085340635489205,0.23812323547838182
462,0.4885166351825554,-1.4126522517892257e+18,0.15273851774172373,0.5162681639412657
463,-1.1318022969361272,-1.5561203730342738e+18,0.4679850245242499,0.4421089134742834
464,-0.6338891966884342,-1.7141590312161467e+18,0.5231708678733027,-0.1676228651316518
465,0.8963610201268596,-1.8882480013872046e+18,-0.00036058246363812607,0.2433595248738996
466,0.24852393446707435,-2.0800173436726968e+18,-0.10025821949904865,0.30074745182402435
467,0.007454451163082703,-2.291262666133247e+18,0.4962644501755614,0.3396933579646011
468,-1.672348220054769,-2.5239619377145615e+18,1.0375910815313805,0.8676183576114946
469,1.0247551890587705,-2.7802940087102956e+18,1.253149942772812,0.20697980274546154
470,0.6775513441954443,-3.062659012152094e+18,1.7392992522759156,0.2709742753128902
471,-1.5643782180921888,-3.3737008371526574e+18,1.5763760466445622,0.4382569511437178
472,-0.8827508936944266,-3.716331884628137e+18,1.2916668808497256,0.4745011141690435
473,-2.0071350758322595,-4.0937603371969577e+18,1.2943961540476325,-0.03508876587743326
474,0.793617920977038,-4.509520198593316e+18,0.8429548949967212,0.11729408079441725
475,-0.23240432575918113,-4.967504383865624e+18,1.2337805161814395,-0.44316399338937246
476,-0.1358967841641444,-5.472001170195792e+18,1.0942787506865412,0.6706358237273208
477,-0.1557296848838924,-6.027734349642017e+18,0.7477981163619578,0.631516950070716
478,0.8973749673182859,-6.639907459770193e+18,0.2751878104701159,0.012631098620114273
479,-0.24197062782101705,-7.314252506321921e+18,0.40120791560922486,0.48701251552137886
480,-1.0052562785897705,-8.057083634127647e+18,-0.7175354211969287,-0.05048755416299827
481,0.5206230610251238,-8.875356248805776e+18,0.15581177159998422,0.31146921753546963
482,0.44510824490116124,-9.77673214282633e+18,-0.6396931091019294,-0.641370616740464
483,-0.4594871220462337,-1.0769651235738837e+19,-0.7028306427181829,-0.31430830558551587
484,-0.16114915165474014,-1.186341060029503e+19,-0.1450214488866639,-0.997025673347065
485,-0.852740871002967,-1.3068251514417512e+19,-0.9667750260937611,-0.7212524295462431
486,-0.39191044204203473,-1.4395455354114486e+19,-0.9920899840368179,-1.034978142980509
487,0.8345859901956708,-1.5857449225221784e+19,-0.4966111733041438,-0.7098749938346909
488,0.15527195853415765,-1.7467922323041729e+19,0.21420726142215507,-1.2647686284175745
489,-0.842667173736072,-1.924195410939756e+19,0.138690192014986,-0.6358876094485653
490,0.3800848192699451,-2.119615550727322e+19,-0.20903276512677335,-0.7551663163728116
491,-0.6217860020028766,-2.334882443509658e+19,0.25833013869042604,-0.5818866807659284
492,0.5478392404637759,-2.5720117136991896e+19,-0.08598384921238487,-1.1789540626516488
493,0.7259462981390027,-2.833223691323061e+19,0.41777433724354196,-0.4895870326907249
494,2.357310667886963,-3.1209642018034336e+19,-0.3738963579732299,-0.984259126308006
495,0.8564910220212263,-3.437927467135486e+19,-0.7237295756443392,-0.6338182592745558
496,0.05060453362037256,-3.787081332895414e+19,-0.23809634148405093,-0.264908441749401
497,0.8926157640049139,-4.171695057288332e+19,-0.4547381353662271,-0.2210243035593964
498,-0.2196172029233192,-4.595369922435336e+19,-0.29091918993493504,-0.5843578277631263
499,0.15998255531807992,-5.0620729545246286e+19,-0.5219600160914417,-0.7326608494679004
500,-0.8674608559903914,-5.5761740685611336e+19,-0.3683335247797332,-0.47461143522386945
501,-0.7702971402004718,-6.1424869855147295e+19,-0.39097390383839814,-0.8644385181887797
502,0.285369982057671,-6.766314304989702e+19,-0.3054241470743626,-1.122505137191611
503,-0.4778675939704875,-7.453497155447654e+19,0.10118890994788848,-0.47324091658977185
504,0.9321508782802681,-8.21046988687748e+19,0.4467500685413218,-1.5127308161743458
505,-0.0476123846881268,-9.044320318020323e+19,0.08105878153741605,-0.7888716451264015
506,1.6646844904926883,-9.962856102266816e+19,0.32286131186094363,-1.2099717452946188
507,0.28031896886552493,-1.0974677833635314e+20,-0.20112637100509861,-0.5605518081639871
508,0.10424026618126325,-1.2089259577349731e+20,-0.3475981750309719,-0.78206906753163
509,-0.4777056940456269,-1.331703757905489e+20,-0.9925406760839712,-0.5544821973255625
510,0.11745509183624224,-1.4669507983286954e+20,-0.4901876437608188,-0.36169485336631957
511,0.46061018313559426,-1.6159334476173492e+20,-1.3594689102027537,-0.5066990933495161
512,1.6990740457808606,-1.7800466860262064e+20,-2.2068649976299364,-0.7807010338349893
513,0.05837734654615325,-1.960827167173776e+20,-1.5432746283577694,-0.9359059997826654
514,-0.6675961241369027,-2.1599676063047542e+20,-0.8796350846103336,-0.6600286211135703
515,-1.3284307777841795,-2.379332629815822e+20,-1.4662624074513182,-1.0121729652661613
516,0.6294909566676047,-2.620976234449843e+20,-1.4077758821253765,-0.2085754611861642
517,0.04030251064063912,-2.887161019635422e+20,0.27759893905430144,-0.5354840477485667
518,-0.35585243884931655,-3.180379373051415e+20,0.42714858777000325,-0.453354760641143
519,0.2898948632066399,-3.503376807784751e+20,0.6305238626401611,-0.3979987789900118
520,-0.4538812520562388,-3.859177669596102e+20,0.9684684608149496,0.18107095215429553
521,0.7204370888482229,-4.251113455000142e+20,0.9449530038950267,-0.8831809052326924
522,-0.19215583236221756,-4.682854005313168e+20,0.3624196097950366,-0.5198899426127518
523,-1.453683036031885,-5.158441868749617e+20,0.8998221496325319,-0.6052056047659241
524,0.0766653199217992,-5.6823301523126446e+20,0.16024253143263995,-0.1669007061804878
525,-1.0382945339377136,-6.259424217900146e+20,0.12590393785852183,-0.06136226788793808
526,1.3355953225981725,-6.89512761304249e+20,-0.04796826215778696,-0.47164903398743063
527,1.1522230551170523,-7.595392666338604e+20,0.630471810346082,-0.7248516413370524
528,0.3078354953238133,-8.36677622133442e+20,0.6623199215763731,-0.7100493745276022
529,0.25061069236810146,-9.216501030700801e+20,0.9629221157630035,-0.31369919933134394
530,-0.2507258700912522,-1.0152523385567639e+21,0.01929363590808164,-0.36561536132070754
531,-0.9560544081636447,-1.1183607613252806e+21,0.28652607978324796,-0.1745005609540887
532,-0.3462219736286767,-1.2319408140936099e+21,0.29098454856428335,-0.5156973500346493
533,-0.7818837184042826,-1.3570559893671038e+21,-0.09979097492726258,0.30042660034935054
534,-1.5346567008108125,-1.4948777873164888e+21,0.9148177242720714,0.30724050789595553
535,-0.3479842227623925,-1.646696684972025e+21,1.145518086778083,0.3346582998140677
536,0.21708906412826984,-1.8139342194424933e+21,0.9911195280336095,0.5744396405944756
537,2.351424202918911,-1.998156298298703e+21,-0.15226704222152265,0.04850185201456192
538,1.3320799029537953,-2.2010878617516224e+21,0.1568939873847385,-0.1341781402235115
539,-0.9987760946835325,-2.424629033912584e+21,0.032716929864999314,-0.33340489120701927
540,-0.40888856754948516,-2.6708729143658577e+21,1.0734173017248452,-0.39222269410287547
541,-0.3351705831354096,-2.9421251766427373e+21,1.278075132374317,0.15324548193653703
542,1.0129500228867692,-3.2409256571049796e+21,1.1341222419219201,-0.3526857113850007
543,0.1456938130517268,-3.570072136382386e+21,1.2868691032984274,-0.36895106556324825
544,-0.47214663918776456,-3.932646536039024e+21,1.3223588130945445,-0.1739284535355185
545,0.6899601288380929,-4.3320437757572583e+21,0.808789838238585,-0.4839487851915079
546,0.7286774355015553,-4.77200356124021e+21,1.204880345884348,-0.32193023452687936
547,-0.4314458352618954,-5.256645400474656e+21,1.9126125529486795,-0.1670891278972448
548,-0.752027949754566,-5.79050717622472e+21,0.45073834261753043,0.40715631518260753
549,-0.8833010718301872,-6.37858763592506e+21,1.0735455594218255,0.31525112355144685
550,0.09675112554333169,-7.026393196822295e+21,1.1907163152703077,-0.11975250788336439
551,2.0351092867540372,-7.739989504618708e+21,1.929378721772233,0.29422081659572524
552,1.5857840354883386,-8.526058228381108e+21,1.0588766250128998,-0.14843255311927284
553,0.7640482238516869,-9.391959623506785e+21,1.0481449405121295,0.4380190377083283
554,-1.5720575681713045,-1.0345801448547045e+22,1.1112898211045283,-0.11281608330410425
555,0.9319977746570032,-1.1396514881182271e+22,0.5469160137899509,0.09364711018768693
556,-0.3889107204661512,-1.2553938144178213e+22,0.4857385520083298,-0.04656626396169955
557,0.13338306857415635,-1.3828908624344571e+22,0.25782988288660635,-0.23267307745119734
558,-0.014422926891958853,-1.5233364347040137e+22,-0.7119143910088466,-0.5748739375735916
559,0.009143720843791966,-1.6780455756368265e+22,0.3122953071296245,-0.2241323851542538
560,-1.081123950839284,-1.8484668847702376e+22,0.2871319606061373,-0.3226872472139587
561,-1.3706543670136448,-2.0361960805477426e+22,0.20654615112160285,-0.15676104149472586
562,0.07749065426256473,-2.2429909416274687e+22,-0.3147764145406342,-0.08957626909906224
563,-2.1680678417275363,-2.470787765621041e+22,-0.47343156460148544,0.1255132048572103
564,2.483289232958774,-2.721719499372166e+22,-0.06559897295569367,-0.24275448592474352
565,-0.6856099179173766,-2.998135710535505e+22,-0.7689945007519269,0.2753505707802429
566,0.558418940541753,-3.302624587457208e+22,0.5295167160852007,0.06947182634997207
567,0.8531725474543443,-3.6380371733502038e+22,-0.009163674622078774,0.41069005389923285
568,1.3360588071411885,-4.007514061677902e+22,0.1474250833681912,0.31946901557842766
569,0.20681230269976253,-4.41451480270516e+22,0.4244470542458127,0.39565106908436076
570,0.7827575974017352,-4.862850296561054e+22,0.31894933095673594,0.48733817860352163
571,1.2771573098590416,-5.356718476121804e+22,0.39378954444233016,0.6794658922724154
572,0.6356036223760173,-5.90074361382604e+22,-0.40810995250271376,0.8842723577586561
573,-2.071154681674222,-6.500019620466808e+22,0.09141788626829585,0.3348176422301714
574,-0.419819570580496,-7.160157741383111e+22,-0.5386477870626,0.42361234397517944
575,-0.9666804390081257,-7.887339096648238e+22,-0.15267844153371268,0.4815014316775969
576,-1.4015127922246118,-8.688372557208336e+22,-0.11274499359163484,0.41669460134733716
577,0.7664989336897391,-9.570758498887135e+22,-0.1527451430325325,0.36623377692058734
578,-0.25905479846674956,-1.0542759031209429e+23,0.6695042008513764,0.09793047465302473
579,-0.36100570363334245,-1.1613475358622014e+23,0.8219427305587296,-0.20448818663888596
580,1.4933768616572674,-1.2792932998474174e+23,1.0211943110246473,-0.18754444307843648
581,-0.1747990525826686,-1.4092175653685485e+23,-0.027654421671369,-0.5512811973447389
582,0.4215143487182528,-1.552336861906584e+23,0.9806890802962867,-0.32297212669634007
583,0.10343270893236177,-1.7099912689519783e+23,0.9098591298434673,-0.19787312873977148
584,0.6554890534206858,-1.883656963670016e+23,0.36909544578107706,-0.250106422146365
585,0.28954288494347574,-2.074960042899603e+23,0.5249568184837763,-0.3501098597791499
586,1.0325102146267195,-2.2856917489060202e+23,-0.09331739284485696,-0.2799850908422321
587,-0.2616543616866318,-2.517825241452056e+23,-0.14908818986133837,-0.2770294053603928
588,-0.9460103924278368,-2.7735340732306946e+23,-1.2930850020182487,-0.029042689500009183
589,-0.3289253260185351,-3.055212541651742e+23,-0.13802962274924313,0.07291753887462732
590,-2.3813145452092104,-3.365498107543781e+23,-1.699455258740218,-0.07318599333623185
591,-0.549970593749639,-3.707296090686142e+23,-0.4787009044771582,0.16831308117138474
592,-0.5180615618544961,-4.0838068734043863e+23,-0.08803993338869265,0.20073652447625429
593,1.2709512953971798,-4.498555866946754e+23,0.4264045473746775,0.18981501410875226
594,-1.154696479259969,-4.9554265212279435e+23,0.3602300833065616,0.04684257883073063
595,0.10978247935341942,-5.458696687022811e+23,0.5199434610412165,-0.7716643985341527
596,-0.3740383063419457,-6.013078671082806e+23,-0.42826281740083544,0.5279328009890355
597,-0.30262562022093814,-6.623763359226167e+23,0.013918899530998084,-0.6982805623937213
598,-0.41785373841733453,-7.296468820542883e+23,0.13053464879220647,-0.1927134781177821
599,-0.18994882684887077,-8.037493847813747e+23,-0.24607043114626526,-0.2854879014278151
600,-0.7433531051044157,-8.853776935462498e+23,0.03628153151336776,-0.42067683461052136
601,1.3379454340668449,-9.752961247273632e+23,-1.2333129051761385,-1.1440873642727687
602,-0.04579032519525038,-1.0743466182192946e+24,-0.10631131185768611,-0.6841863285775555
603,3.1027063813211826,-1.1834566208308152e+24,-0.5762035268511151,-0.2448955442027605
604,-0.08354044896751002,-1.3036477703161618e+24,-0.2519534707091294,-0.8480207610708528
605,-0.44718325541373294,-1.4360454613513522e+24,0.5701136528711277,-0.6791755095150056
606,-1.2325556728733853,-1.5818893830253588e+24,0.11991714350406767,-0.8333893299749493
607,-0.6239120226586458,-1.742545126512609e+24,0.6524465100314127,-0.900631514521396
608,0.8601213808557978,-1.9195169716137908e+24,0.4701758500068809,-0.8843202829841917
609,-0.10617960580670976,-2.1144619718901252e+24,0.6852239356645735,-1.0069687663804894
610,1.6779943595851088,-2.329205470275486e+24,0.18200598125990336,-0.37098600347685623
611,0.605830108176469,-2.565758190444846e+24,0.4181641362207348,-0.597114448845775
612,0.7470696799109311,-2.826335063971919e+24,-0.4192225319321389,-0.6969976766546407
613,-1.8577824443601185,-3.113375969561722e+24,-0.15661222697555158,-0.4645698360443602
614,-0.9901692204745476,-3.4295685785472384e+24,0.04559762537593803,-0.15409627522211133
615,-1.083333966119962,-3.7778735205611176e+24,-0.14800262478275328,-0.5781577363687664
616,0.3761179139408845,-4.161552105018001e+24,0.6007472797262312,-0.5072207119228221
617,-1.1093717668983938,-4.584196857974081e+24,0.3162779455773019,0.08123234650213518
618,-0.8882469716203073,-5.049765160291928e+24,0.7130580408654882,-0.5337657527760314
619,0.05050453469848302,-5.562616302077301e+24,0.6078419122359991,-0.5389368370986465
620,0.6154295483848081,-6.127552300342485e+24,0.9310678641396575,-0.6920627589254074
621,0.4510996868105207,-6.749862862087213e+24,-0.3470375928435657,-0.055583742999365304
622,-1.8636085703872163,-7.435374913803296e+24,0.619608171859434,-0.5167797778199611
623,1.7831399669479233,-8.190507161166238e+24,-0.05742421070462031,-0.050054095304947366
624,-0.3816679821005735,-9.02233018977665e+24,0.057042819730770467,-0.16513727071659626
625,-1.5242375897402103,-9.93863266969714e+24,0.052482373498762794,-1.1087537643039118
626,-1.2367502732175866,-1.0947994283682557e+25,0.5509055980314339,-0.8244805333256464
627,0.21940406408924557,-1.2059866061957836e+25,-0.14393643345664164,-0.49514427440149444
628,1.4075604214029294,-1.3284658875748048e+25,0.6254821916333354,-1.0910508258548677
629,0.1876028465552515,-1.463384091815865e+25,0.07675065597571251,-0.3931660841149029
630,0.816966073010081,-1.6120045085155853e+25,0.9315195215949097,-0.6814618763234388
631,-1.239921222594957,-1.7757187262095409e+25,-0.6249006186689148,0.05400699741502446
632,0.49928751452307674,-1.95605966233608e+25,0.03213269490237513,-0.6997307647730318
633,-0.5694911594951151,-2.1547159165155074e+25,0.24540464177978683,0.08268471432848834
634,-2.2230210837312865,-2.37354758153975e+25,0.6506618468224998,0.196164781187895
635,-0.48036558149168773,-2.6146036601167187e+25,0.3980283527594806,0.12075269882726247
636,2.359817678182701,-2.880141250448851e+25,-0.1328171399278404,0.20748262695265662
637,-0.013313866262077718,-3.1726466802875826e+25,1.5154703893816397,-0.28694276118039197
638,-0.18291440631591724,-3.4948587873498042e+25,0.7423321743824207,0.030049187498419852
639,-1.4573347016358054,-3.849794564079543e+25,1.46633563426129,-0.13456360941284468
640,0.6838162033093708,-4.24077740687637e+25,0.9116841027395902,0.5209078943392011
641,0.022478558830958336,-4.671468234298615e+25,0.7583719040320201,0.27420565209369985
642,-0.1846873826900358,-5.145899765612764e+25,0.9934069137159798,-0.07243474995663302
643,0.41999201662247826,-5.6685142806519195e+25,1.174546762651102,0.1109783491415651
644,-0.9390976199768744,-6.244205214542985e+25,1.6486232175186535,0.4002934779351707
645,-0.34599358758573096,-6.878362976769578e+25,1.2890444729369763,0.13449409373650975
646,1.2831166128550404,-7.5769254235916755e+25,0.3492387306105851,0.4872003678662217
647,-0.5517195567116276,-8.34643345641413e+25,-0.46927746156678785,-0.05177819901739428
648,0.7439961343821481,-9.19409226669238e+25,0.0869671510873756,0.09242043332215649
649,0.29809454317214984,-1.0127838800834309e+26,-0.3247501477439433,0.292840267328236
650,0.5254789407023536,-1.1156416076797336e+26,-1.1247935950522925,0.10550729521163066
651,0.7589921708148959,-1.2289455048234857e+26,-0.812027116111136,0.8087945608081508
652,-0.46616511484339507,-1.3537564782716629e+26,-0.9900750831334368,0.6948398970865476
653,0.8507764726582284,-1.4912431798395493e+26,-0.6443987107988297,0.6217706745532777
654,1.9572891732714957,-1.6426929489246823e+26,-0.4501039797055675,0.3621897853115481
655,-0.22653478459669907,-1.8095238663470087e+26,-0.2076761340917873,0.39305862638662636
656,1.4435970522085717,-1.993298032369869e+26,0.6462428647881981,1.1174888808418961
657,-0.12062297601654552,-2.1957361932288835e+26,1.2290694189159992,0.7938256721873107
658,-0.5105925866272824,-2.4187338531223983e+26,1.4530486242290952,1.3185490715145551
659,-0.1721164865196395,-2.6643790225260868e+26,1.879031235368179,0.731927083744542
660,-0.0011144130714554887,-2.9349717690158077e+26,2.4009453166779906,1.2154812098615273
661,-0.5179482571342532,-3.2330457536603876e+26,2.16955052527239,1.1956839861078954
662,2.478441942691618,-3.561391954637628e+26,2.5182384973972844,0.8716339120010732
663,0.8438645463998,-3.9230848002066206e+26,2.0203647711249206,1.2648066836784921
664,-0.7392951018461732,-4.321510955729166e+26,2.1087972476651875,0.8170150628512627
665,0.38933583218204815,-4.760401034283943e+26,1.3880997292940986,0.5773920609160608
666,-0.7694408283579696,-5.243864527791758e+26,2.076852309395815,1.222322106901073
667,0.4761178159292355,-5.776428285725076e+26,1.4943843085440787,1.1152931645453519
668,1.2645422276369616,-6.363078901692367e+26,2.060324406994755,0.9691248001812324
669,0.15942740597981453,-7.009309404778711e+26,0.07125133809419548,0.6897918172173746
670,-0.46630027126695217,-7.721170692831144e+26,1.2040224887602817,0.8767394822121123
671,-1.2134244802632947,-8.505328189277828e+26,1.3708882051844271,0.14881573225853872
672,0.7150538229153329,-9.369124253980029e+26,1.6808819873363081,1.2740357216554776
673,-0.9615963355098291,-1.0320646932493044e+27,1.3894859860473423,0.6037023144574138
674,-0.09970740735553314,-1.1368805687461121e+27,1.937387968904938,1.1788478643386062
675,1.5403854874129201,-1.2523414821247732e+27,1.9313377445869815,0.9068673295511309
676,-0.9737944872282942,-1.3795285370918494e+27,1.9463571230909054,0.016016988791753728
677,-0.5760633062352095,-1.5196326336023807e+27,2.0286451263662797,0.47539208151801926
678,-2.1245728550465452,-1.6739656187014818e+27,1.3613940389999861,0.2780152679044724
679,-1.3263368209798374,-1.8439725698387665e+27,1.2472182846929365,0.375171254432749
680,0.01197022541917362,-2.0312453256688712e+27,1.5394541829930426,0.737500839534482
681,1.1756889219340532,-2.2375373910320173e+27,2.326611830726765,0.06616480261551272
682,-0.8621753548395018,-2.4647803556755246e+27,2.234500909408845,0.11902960075406066
683,1.6486152283911875,-2.7151019804508977e+27,1.4930182098341211,0.2341097774462561
684,-0.18855417086750892,-2.99084612033432e+27,1.6087759502518988,0.10069872320942694
685,0.9766870612065829,-3.294594670817237e+27,2.3720168671897888,0.49796512573732177
686,0.9459172001802004,-3.629191743159299e+27,1.7927248307134924,0.48581001596595386
687,-1.0973141868878702,-3.9977702948655915e+27,0.7290506557557044,0.08032946737627128
688,1.596305368532281,-4.4037814647392684e+27,0.385493782463579,-0.09679787421700947
689,0.5586388876524256,-4.851026887184662e+27,1.0805535235237076,0.031695720490341
690,0.43651004550922856,-5.343694288331762e+27,0.4147798654609568,-0.8342390291563805
691,1.3829468164371248,-5.886396697281902e+27,-0.1800968584637893,-0.4762048168054307
692,-1.8335721747069138,-6.484215639624192e+27,-0.5372074688463329,-0.26030918884342735
693,-0.024709550442898357,-7.142748717659764e+27,-0.2840357527293857,-1.0571877938535876
694,1.2456434109870897,-7.868162022845236e+27,0.42430553864830617,-0.3347289454928301
695,0.37585034681851864,-8.667247871212729e+27,-0.36789208430008496,-0.45733898498637876
696,-2.7034202254979864,-9.54748840236474e+27,0.2225791566144829,-0.43174369532052986
697,-2.138901202255039,-1.0517125637545058e+28,0.13652732554536912,-0.42516211679680993
698,0.18267697831186694,-1.1585238652765628e+28,-0.5262861327911141,-0.38195740421951463
699,0.9218607261658637,-1.2761828589590215e+28,-0.2741881459988327,-0.02923481028251773
700,-1.1128759599518117,-1.405791229956262e+28,0.13038906525975336,-0.5661887213501452
701,0.6728653962654843,-1.5485625499107235e+28,-0.19274843538880332,-0.20802959397269383
702,0.3637077404047904,-1.705833640077988e+28,-0.5341711303855835,-0.1191303886730612
703,0.01665434343209261,-1.8790770884840758e+28,-0.24532623933980982,-0.25135982888970426
704,-0.8469638441299493,-2.069915038317783e+28,-0.009890945262907347,-0.19991767243622277
705,0.7921178219636386,-2.2801343766639284e+28,-0.693100535497083,0.24181077580082394
706,1.1218327612699583,-2.5117034657953077e+28,0.0806563881724941,-0.3608882585635702
707,0.8653673247155291,-2.766790573684684e+28,0.4970673073009146,0.49296687965123775
708,-1.0357769746046612,-3.047784176308606e+28,-0.6111686308101928,0.22784077984854828
709,-0.7154523815560285,-3.357315321841104e+28,-0.32097603428549926,-0.5444423173774218
710,-1.3208933171999717,-3.6982822661415783e+28,-0.7065973712463635,0.05600000948752362
711,-2.493125321034824,-4.073877610208164e+28,-0.5075637196488897,0.6149634935592162
712,1.1577739225668426,-4.487618193694691e+28,-0.3454786798969466,-0.25943960887021894
713,-1.2676501421503266,-4.943378024395429e+28,-0.59820218349777,0.3126046219644424
714,0.8998152861340114,-5.445424552028677e+28,-1.1644257756351322,-0.24215932433218673
715,0.066025465897268,-5.998458625964219e+28,-0.556527948402315,-0.6607315523296151
716,-1.4271591779680717,-6.60765851103377e+28,0.09000036586780469,-0.014471428865961367
717,1.3673005894236272,-7.278728373560921e+28,0.09723808470790732,-0.017526817872523637
718,2.3323032633792895,-8.0179516916034e+28,0.602202326276788,-0.32189162277511885
719,0.8996147935839257,-8.832250089507718e+28,-0.6906904678922868,-0.5203153419598534
720,-0.6348703713706412,-9.729248147666156e+28,0.5311570036474961,-0.9709759253723153
721,-1.2252076843578363,-1.0717344794314047e+29,0.04640656845263563,-1.0037710972820333
722,-0.1091581432082965,-1.1805791947835485e+29,-0.8661479531970511,-0.5472434665382659
723,0.8262722608824972,-1.3004781145934742e+29,0.8122135248715364,-0.01849843258687378
724,-0.03853676454334729,-1.4325538972814746e+29,0.1278119318387184,-0.5708083760633824
725,-0.792657016404449,-1.5780432177882952e+29,-0.3485684023249943,-0.7727170898291721
726,0.16566095430494432,-1.7383083470250385e+29,0.1933097805899882,-0.15658978217247296
727,0.74761786718143,-1.9148499073251016e+29,-0.18976076496584834,-0.5490732087182078
728,-1.6054576564726404,-2.109320923332214e+29,-0.6323086065660781,-0.21675441596855632
729,0.45294273459040535,-2.3235422998883003e+29,0.6671398321444122,-0.0007692666816561666
730,0.5779329119129106,-2.5595198718464062e+29,-0.23785791388730265,-0.060826117023490445
731,-0.2863002503184522,-2.819463185452478e+29,-0.7322752935413478,-0.043033700419189344
732,1.1609872078878278,-3.105806187153083e+29,0.24662804421846607,0.47118919855018887
733,-1.1432725308802971,-3.4212300135461204e+29,-0.4630270036356886,-0.3441999649478247
734,-1.5517299315911188,-3.768688095865355e+29,0.5613717046942441,0.26429133914348146
735,-0.40131334207478037,-4.151433814061437e+29,-0.16879465935814233,-0.26565633448873405
736,0.752714137976508,-4.573050959414931e+29,-0.35896504522560746,-0.5163495566030165
737,0.04303460557983365,-5.0374872909141686e+29,-0.621155187839797,0.2903483461996292
738,0.38517614806699146,-5.549091499598851e+29,0.25974018420276135,0.01777809712451056
739,2.302910986584652,-6.112653926980376e+29,-0.1499964448960572,-0.4080367721160042
740,0.12017897726348989,-6.733451418800668e+29,-0.0031531879183263473,0.09286903986708091
741,-1.525456187569204,-7.41729673411205e+29,-0.34743389434004135,-0.20051670363167842
742,1.4612459020565236,-8.170592972313821e+29,-0.07471206610396383,-0.8492018171495039
743,1.6624701275651714,-9.000393527766273e+29,-0.4464332396561773,-0.44205859544722154
744,-0.22149170509211843,-9.914468133359569e+29,-0.4705064440102107,-0.2880412569566069
745,-0.7873326956581747,-1.0921375611428153e+30,-0.5291848250797977,-0.20215642833786496
746,1.2406772026322843,-1.2030544013204691e+30,-0.31770766806881157,-0.12919107324898987
747,-1.2197884953781795,-1.3252358897189222e+30,-0.8069118393875077,0.0505663046841153
748,0.4087856681927463,-1.459826057301688e+30,-0.9178831023460567,-0.6439179299721631
749,0.6827136048197138,-1.6080851221354927e+30,-1.2223563334976464,0.052492124423527436
750,-1.2675997590823662,-1.7714012892832699e+30,0.006406352149771588,-0.13878738395144669
751,1.4326287028933193,-1.951303749087259e+30,0.48624361962936147,-0.3650742792892312
752,0.021043220822086088,-2.149476995549997e+30,0.9880179043731016,0.024289306278925213
753,0.09252031931717515,-2.3677765988815467e+30,0.7479242415314128,-0.002086525675564832
754,-0.5624767323271123,-2.6082465798972354e+30,0.44645294692895676,0.4353874287094881
755,-0.16353232030789464,-2.8731385489488736e+30,-0.6428428335661911,-0.17322006568828646
756,1.379355882743347,-3.1649327885944285e+30,0.5372579341778712,-0.007108405288274458
757,-0.034504233527995275,-3.4863614774110745e+30,0.6669588569493156,-0.32424899612700286
758,-0.7724946613664416,-3.840434272404861e+30,0.40617666455779994,0.21589873044757685
759,-0.20645697681582492,-4.230466489554667e+30,0.9824610348626701,-0.0862973918465504
760,0.6072569702076785,-4.660110146355421e+30,0.6887294532395437,0.09887790612937937
761,-0.14094031580443694,-5.133388157023507e+30,0.6775051512539658,-0.2691101555607135
762,1.4617499856914258,-5.65473200054688e+30,0.24745703359046967,0.04130324257197017
763,0.033294910869175194,-6.229023214279898e+30,0.13689937793390097,-0.13666265260293398
764,-0.012626099528229559,-6.861639101602933e+30,-0.14626745687325068,0.14415513896123455
765,-2.1277410472823957,-7.558503081624687e+30,-0.08503759907301217,-0.43444934467479757
766,-0.36707199418577124,-8.326140152370247e+30,-1.0198189503982975,0.29587992341608843
767,-0.4402248865160393,-9.171737986777512e+30,-0.51518143146071,-0.4144426379284678
768,-1.2976864589710602,-1.010321423356662e+31,-0.43367107677175565,-0.007705627723314901
769,-0.9961907931391256,-1.1129290653145571e+31,-0.3457244728286788,-0.259214665089229
770,0.2467768218453413,-1.2259574782714285e+31,-0.7373635193925703,0.0008020988745679192
771,-0.4821304980872948,-1.3504649895227974e+31,-1.1091295860407704,-0.1994260869400332
772,0.6426909056996657,-1.4876174094539252e+31,-0.5782280132857156,-0.4161417663437005
773,0.5690270315893133,-1.6386989474583853e+31,-0.1935063520849981,-0.7068238588061999
774,0.20272139062501215,-1.8051242364708226e+31,-0.14814208030996723,0.176718583959856
775,-0.3848488765368726,-1.9884515787040983e+31,0.17040104088612218,0.1583446836658196
776,1.2846303922916997,-2.1903975366156086e+31,0.6073168093111646,-0.6785923017372453
777,-0.34441865251344644,-2.412853005723451e+31,0.6040566362524122,0.23552144983402673
778,-0.6989845056240823,-2.657900919768231e+31,0.2759985112907845,0.1531803606315578
779,-0.6110103178117472,-2.9278357540005474e+31,0.7577333058875528,-0.23992223597201875
780,0.059708777260986785,-3.2251850092107466e+31,0.8216383961135791,0.7767529105906142
781,0.01373392040702686,-3.5527328776639358e+31,0.41118751162192696,0.29498343531018795
782,-0.2911719818882624,-3.9135463125332617e+31,0.14987630422089476,0.42431891758281304
783,1.5031776887360708,-4.311003744929303e+31,0.0818751092130143,0.2735669859254178
784,-0.6988686608649972,-4.748826717413869e+31,0.38603203423868143,0.46571450528740355
785,-0.19077266085647018,-5.231114730194603e+31,-0.4821340778243469,0.37265567105478686
786,-2.2151832128440563,-5.762383626278376e+31,-0.2867449703338492,0.5919930141577323
787,-2.368968339486039,-6.347607874997965e+31,-0.3511476099486826,0.224214167289914
788,1.0215572042756127,-6.992267149828545e+31,0.0808471007756395,0.8494536477694157
789,0.308267788917878,-7.702397636619463e+31,-0.8790719121633261,1.0260441888999725
790,-1.6466469784541553,-8.484648552659465e+31,-0.6088554211207509,0.7569463013687425
791,-0.21348105830428912,-9.346344405784535e+31,-0.0037543553043977163,0.9554732166417904
792,-0.048814815266579756,-1.0295553576483638e+32,0.06584245480541859,0.39391917575771473
793,-0.5059746244897556,-1.1341163865162264e+32,-0.8648470471114938,0.5232033424631096
794,0.3664486180574013,-1.249296571194106e+32,-0.061870048353542206,0.32558734679621915
795,-0.5824445305644432,-1.3761743868207655e+32,-0.5288969420626397,0.42632259685240165
796,0.31562686425986664,-1.5159378378276662e+32,-0.2153216693778993,0.12731252356487155
797,-0.5429633338526184,-1.669895581668693e+32,-0.1078413410449463,0.5470646090440052
798,-1.5609827593657926,-1.8394891822692462e+32,-0.4032877134938162,1.1090085990001355
799,-0.5196990054704268,-2.0263066079283212e+32,0.007933880507439928,0.21855765914303132
800,-0.6388903304880492,-2.232097100059486e+32,-0.18863775432748764,1.2385708292635704
801,0.5777030617416412,-2.4587875519923335e+32,-0.2619044784445519,0.600491539838018
802,0.40658710023269407,-2.7085005511952568e+32,0.12782016109993036,0.2529302620521987
803,-1.2544614956909934,-2.9835742538556194e+32,0.7236460214378494,0.2299576682046917
804,0.8262358647387202,-3.286584277910448e+32,0.9825846686381823,0.7983330430167062
805,1.004826379913966,-3.620367819520289e+32,1.3833054926776638,-0.14876381564758429
806,-0.5715221269539116,-3.9880502187977765e+32,0.8706550417694543,0.04676032600439456
807,0.3487614365447957,-4.393074223535772e+32,1.9233963638986968,0.09110449955784716
808,-1.465959020349186,-4.839232224942309e+32,0.9504137868700887,0.17005803437699837
809,-1.347247098134135,-5.330701767217569e+32,1.1192578211402635,0.3115488629406698
810,-0.8213863508330573,-5.87208466346235e+32,0.8419702151183754,0.5243336653922277
811,0.5925973309994846,-6.468450084174893e+32,1.2172792309676073,0.18262864566299342
812,-1.2010333590938873,-7.12538202178979e+32,0.29095767568756814,0.6750661100688742
813,0.36424129865505944,-7.849031575687186e+32,1.4394395925699643,0.5687443501778806
814,-0.25120380811432047,-8.646174547236363e+32,1.292570075531315,0.4336041172361709
815,-0.8844803533917318,-9.524274884157664e+32,1.4815676948399237,0.5160548925057777
816,-0.49903648675771056,-1.049155456825601e+33,0.7364325999529484,0.37659782657179347
817,0.21090850566338087,-1.1557070600910998e+33,-0.26513505831112494,0.23494402177432988
818,-0.31180401740260527,-1.2730799807167534e+33,0.5085055142940367,0.005949198346556939
819,-1.280452169800183,-1.4023732252479392e+33,0.05452721906704923,-0.33041324051349785
820,0.26804486715427767,-1.544797414680159e+33,0.30541365313145297,-0.21640827990367162
821,-0.845035745528775,-1.701686119956111e+33,0.6920930724329352,0.1453012484299681
822,-1.0903771352431366,-1.8745083486890923e+33,-0.0466303699430331,0.36181760389902073
823,2.0522951137414327,-2.0648823000305915e+33,0.5979162099554868,0.37634380497686487
824,-0.030082414824845787,-2.274590516474042e+33,0.3889696841993261,0.3196135058897705
825,-1.4718662975355334,-2.505596574466738e+33,0.7758631132090743,0.02866332218479628
826,1.31166385311594,-2.760063470110356e+33,-0.19445165022299427,0.8596123814546178
827,1.6907140236601925,-3.04037387210227e+33,0.1382090922534483,0.35899467517997036
828,2.063224284467268,-3.3491524315535225e+33,-0.787040387122751,0.7283544059032466
829,-1.1832430895602362,-3.689290357578618e+33,0.169351130555902,0.45365547598971734
830,-0.5624290470370212,-4.063972488767582e+33,0.13950495165442747,-0.18134870778155454
831,-1.009783921454593,-4.476707114020592e+33,-0.4410117386056659,0.41968483773374127
832,0.09704430965134915,-4.9313588219688154e+33,-0.6848897538898906,0.24489869926257563
833,0.3491750808640769,-5.432184686562857e+33,-0.8300990686759109,0.31049134875847306
834,-1.5603641470027196,-5.983874127648019e+33,-0.8779528785902763,-0.24768298492161944
835,-1.3941048103117486,-6.591592819755837e+33,-0.5619162658028415,-0.4277023318855422
836,-0.6802095070095163,-7.261031060246334e+33,-1.1024794025282705,-0.3503859322444894
837,0.818793664364468,-7.998457049689992e+33,0.04913410191710588,-0.695573019239095
838,-0.6920525953792817,-8.810775583373572e+33,-0.9684447251011408,0.1357859767713961
839,-0.9157449782250557,-9.705592703480322e+33,-0.9232892479815744,-0.7590524141510913
840,-0.2033731384604842,-1.0691286917307073e+34,-1.828170071938033,-0.3488372035614269
841,1.1544772950663031,-1.1777087648361063e+34,-1.1133165491804926,-0.2860718689721436
842,1.268169049696394,-1.297316165490342e+34,-0.7651111381424656,0.042120192919318844
843,-0.6171986893048392,-1.429070822510844e+34,-0.18117763280528842,-0.8502916707596009
844,-0.6087323820887456,-1.5742064040186539e+34,-1.353067912551089,0.3149919909901967
845,-1.2238718298198925,-1.7340818687343515e+34,-1.3640742280677547,-0.11377997100893757
846,-1.5715381724510515,-1.910194190416715e+34,-1.1542604645705148,-0.36895732662419517
847,0.9979823592693249,-2.1041923745877916e+34,-1.8449769618042389,0.313761923090865
848,0.5982503377264204,-2.3178928987882153e+34,-1.1334971043100959,0.3502747711345398
849,1.1621270231112701,-2.553296720935664e+34,-1.494839952975504,-0.0881760955081743
850,-2.1871866111924767,-2.812608015042062e+34,-1.9294766107362415,0.26340979900705935
851,0.7281170268168403,-3.098254809719069e+34,-1.743982152430414,0.04247884165919062
852,0.6173173214622494,-3.4129117227178883e+34,-2.0121390650287494,0.04443587930932288
853,0.8531630824810091,-3.759525004375399e+34,-2.050597499817025,0.2959942129597446
854,0.8598409867031578,-4.141340124457759e+34,-1.8906532562922769,0.25459302129020644
855,0.5444078774101082,-4.561932160707412e+34,-2.398323263829606,-0.21872514615985023
856,-0.9424647715377918,-5.025239273632829e+34,-1.370454222312477,0.3583433372433611
857,-0.13881773584201848,-5.535599580977953e+34,-1.7101083395801298,0.175244717718536
858,0.7150617424637239,-6.097791777140805e+34,-0.9999936937136022,0.22668694087467145
859,-0.3395975028309778,-6.717079877876034e+34,-0.5047252467826704,0.1270764942352291
860,-0.34692286510607845,-7.399262509242822e+34,-0.9119438464227733,-0.035173413829686084
861,-0.22442912890294164,-8.1507272023089655e+34,-1.1642853209995276,0.18802534227830775
862,-1.1817048708702302,-8.978510201992775e+34,-0.9934900062706815,-0.07856767628625161
863,0.5506070677493641,-9.890362350055323e+34,-1.5847251993678397,0.24534123854800566
864,0.012182219525268115,-1.0894821659130142e+35,-1.0774334747477305,0.01701220518564177
865,-1.7343340462493777,-1.2001293257328165e+35,-1.0015142483704111,0.07904874425402458
866,-0.47025742810315596,-1.3220137451969093e+35,-1.0307845490759169,0.4237148626755405
867,0.253672891456308,-1.4562766737012908e+35,-0.6286332181301132,-0.34020312414638487
868,-0.34541545849756855,-1.6041752652508304e+35,-0.7044860218029638,-0.42247743090108414
869,-0.30456009903264375,-1.7670943496623084e+35,0.13805010923664818,-0.5589543980742968
870,0.4676523055766957,-1.9465593992438226e+35,-1.514128063092383,-0.7009141895631423
871,-0.6991104096226529,-2.144250812362434e+35,-0.8285058185711163,-0.1648355588430993
872,-0.2527129627797546,-2.3620196476424323e+35,0.012378865113946924,-0.5109130617275076
873,-1.6309702907250332,-2.601904956119406e+35,0.7162845693289422,0.001220700794079821
874,0.2860328714491971,-2.8661528736375578e+35,-0.2559204072456958,-0.3130825153716328
875,-0.5597521676652659,-3.157237652259515e+35,1.0330224317849184,-0.5218881896113307
876,-0.3365474113583491,-3.477884827613597e+35,0.14838670617350896,0.34681215864887643
877,0.9257216090822483,-3.83109673910307e+35,1.1285804201948815,-0.10754122506834767
878,-0.8899620082839877,-4.2201806419326505e+35,1.2681384272600797,-0.1385407614225649
879,1.7041390967827819,-4.6487796741756795e+35,0.7706023843598471,0.6001815991901546
880,0.2451367855829603,-5.1209069688381906e+35,0.45844719221234165,0.00384775765902845
881,-0.4667114754252063,-5.640983230323885e+35,1.0283273428171107,-0.07858499037505887
882,0.6088150831677889,-6.2138781271425125e+35,1.6139662077626211,0.9157398377961612
883,-0.916114532629008,-6.84495588843705e+35,0.6758652668614722,-0.14093833539047154
884,-0.9274543494200631,-7.540125531267036e+35,0.6688591945023423,0.43543986249055233
885,-0.017352044498372837,-8.305896188944865e+35,-0.07851711008387219,0.5062022140785521
886,-0.9014583944715328,-9.149438058484973e+35,0.2711380279559029,0.6828362939862718
887,-1.6890949479083173,-1.0078649537839646e+36,-0.04610288491083106,0.7059381675531606
888,0.33255708499218545,-1.1102231181552533e+36,-1.297589981515508,0.30596592226157
889,0.7812219906173408,-1.2229767167304238e+36,-0.22740833333512112,0.2364773331249087
890,-0.3357511374419426,-1.3471815036151797e+36,-0.9103647360617912,0.1374597490148068
891,-0.850056359692348,-1.484000454673339e+36,-0.6888405063959718,-0.22231342502990273
892,-2.2861774575911507,-1.6347146569047228e+36,-0.28881425071517397,-0.27014680944170577
893,-0.6912016818880912,-1.8007353037417736e+36,-1.6365551334907429,0.20916727320655387
894,1.035794151007879,-1.983616908581356e+36,-1.4108819491677966,-0.2057189145721955
895,-0.48661338863097336,-2.1850718602749726e+36,-1.136233556040653,-0.0483664772503179
896,1.064962340038913,-2.4069864568659007e+36,-1.1592328206456521,-0.11570417275782678
897,0.5729727026732816,-2.6514385677031188e+36,-1.1351415284084014,-0.01313015849727353
898,-0.3327288519041086,-2.9207170893090044e+36,-1.5175346932899392,-0.48593907142642706
899,1.1083730573272088,-3.217343377173365e+36,-1.3153223973248926,0.1677546747070298
900,0.4510633871223439,-3.544094854147707e+36,-1.2893547470506488,-0.3533333655495099
901,0.35061798827810386,-3.904031016493966e+36,-0.8607008718344079,0.02890003502533592
902,0.8664552555827391,-4.300522081092045e+36,-0.8825299768932212,0.10249344907785113
903,-0.037241219636410444,-4.737280542040704e+36,-0.5848391127863585,-0.18220958877649912
904,-0.5550949335201302,-5.218395932128023e+36,-0.09592451552822412,0.6338176694480473
905,-2.360771469967997,-5.748373114656108e+36,-0.12120908193367269,0.2102266383346671
906,-1.7544090136405825,-6.332174464160704e+36,-0.9560660617421021,-0.10854393409772017
907,-0.6938943314977297,-6.975266330979569e+36,-0.6706330177746499,0.2730637009505538
908,0.20286319318971052,-7.683670224734725e+36,0.3379210403590224,-0.028894496805634648
909,-0.5578041670188058,-8.4640191959787e+36,0.3667604753877546,-0.4225586557387661
910,-0.7810462349915179,-9.323619943927154e+36,0.026845703763242912,-0.10986334297755186
911,0.7755383759183937,-1.0270521231815854e+37,0.6122619401983199,0.11507197935297003
912,-0.19540586973681306,-1.1313589250480542e+37,0.41984701107462313,0.29650958405422834
913,3.258248938274022,-1.246259063581709e+37,-0.2394394361197434,0.0712708136853999
914,-1.4640804395225002,-1.3728283917445455e+37,-0.09630071436776425,-0.1411677331910094
915,0.2741852823659583,-1.512252025484548e+37,0.13637922318784268,0.7312094820119756
916,-0.9867632759216847,-1.665835440419463e+37,0.04258622893174435,0.1837797194090407
917,2.015271599696587,-1.8350166954931686e+37,0.2717305128183782,0.38305839790080864
918,-0.602694572473625,-2.0213798980593028e+37,0.19870750199663692,-0.023662399745210616
919,1.0938131891711524,-2.226670036470766e+37,0.8572055621442327,0.30609379956793903
920,-0.052054121859200005,-2.4528093190581747e+37,-0.5265092137805607,0.27634697580897644
921,0.012673404324211742,-2.701915172485241e+37,-0.505588752272909,-0.12045133054199264
922,-0.2279075587143279,-2.9763200680063964e+37,-0.7511519492941918,-0.28263502709826493
923,0.0274164455662088,-3.278593361267336e+37,-0.5768728728360233,0.15478559733697886
924,0.2954358700525926,-3.611565350142694e+37,-0.8250704024302854,-0.42371851934943544
925,-0.696480762147972,-3.9783537758733856e+37,-0.4365908985154848,0.5058724176323183
926,1.0825739248410435,-4.382393015643668e+37,0.1348395589280843,-0.32845343962872137
927,1.1004063151146424,-4.827466239938948e+37,-0.2388505379748606,-0.25237004372080174
928,1.9575943625875858,-5.317740835785679e+37,-0.6214819124666763,0.3250788794131767
929,1.0947917547148847,-5.857807427554418e+37,-0.6819959082084819,-0.38632991109604486
930,-0.02799069646706536,-6.452722860692392e+37,-0.8288602087201937,-0.39029968261065284
931,-0.40818206082850284,-7.108057550858332e+37,-0.3990664382263179,0.11036638273397516
932,0.224813381998805,-7.829947641807253e+37,0.192994882541221,-0.30291966783722973
933,1.1194818762161942,-8.625152460398934e+37,-0.3143548787857812,-0.1084601533659964
934,-2.196702242176278,-9.501117806702839e+37,-0.7277242568032224,-0.053071046676958916
935,0.04192629968889766,-1.046604567180839e+38,-0.3582290921986856,0.15888740967365675
936,-0.7159718649681883,-1.1528971036134538e+38,0.16726981614429365,-0.19807125501451434
937,0.4683471888299972,-1.269984646732989e+38,0.57931940860913,-0.19337195265082904
938,-0.747818418170718,-1.3989635309885202e+38,1.2121193150658627,0.3375045527984477
939,-0.008692368113766166,-1.5410414339027386e+38,-0.26786085187253195,0.010384761029327498
940,-0.5346950978939877,-1.6975486840081868e+38,0.6071585083757373,0.40068216751923064
941,0.26490039354768774,-1.8699507172107616e+38,0.5593995225095261,0.8276617456539298
942,-0.377884587713612,-2.059861798214076e+38,0.38923150263528083,0.44889645809977147
943,0.35219215629453876,-2.2690601354835045e+38,0.24181733825640037,0.5544199817062866
944,-0.6297814298731762,-2.4995045312769743e+38,1.12269306054388,0.9014846150479647
945,-0.7897514342394574,-2.7533527226429666e+38,0.9237519651608453,0.08782411671041179
946,0.7955060481948462,-3.0329815851193512e+38,1.1438292391420086,0.8495193418306362
947,-0.44502318892793413,-3.3410093883078358e+38,0.4885075178546559,0.2352428671424785
948,1.6733314424285064,-3.680320311711305e+38,0.8442914969691376,0.31065280033000264
949,-2.292921846407283,-4.054091450384995e+38,1.4526124143442805,0.37504394288923915
950,1.3221049094288133,-4.4658225632655124e+38,1.1057435593983216,0.017977169394258863
951,1.159107649544517,-4.919368842722435e+38,0.3494102846756171,0.16940062616540338
952,0.3744409656838924,-5.41897701216605e+38,0.7596793512832014,-0.18564456421588485
953,-0.050462410076887246,-5.969325089706626e+38,0.8213956000463909,-0.4976291764865904
954,-0.46368650508076703,-6.575566190187254e+38,0.9766793355109643,-0.18267316108994483
955,-0.5625846553986925,-7.243376775725033e+38,1.381967233470212,-0.4632507975606591
956,0.6023071991540758,-7.979009806548486e+38,0.8808076927492674,-0.2659897216778361
957,-0.1710052596359848,-8.78935328980237e+38,-0.3860522530142294,-0.2828421399076274
958,1.4586546985751552,-9.681994774534223e+38,0.8292919160594974,-0.20212875970476687
959,-1.5463436508785433,-1.0665292396753319e+39,-0.21873592710354425,0.3076455952848393
960,-0.05976905976722774,-1.1748453139783511e+39,-0.3163647716698511,0.03385909234023529
961,0.777968504694971,-1.2941619042690886e+39,-0.31910037226314114,-0.34715601935828
962,0.36093189888538985,-1.4255962163987964e+39,-0.39963395017839093,-0.6615591115626127
963,0.5586808443230544,-1.5703789189795166e+39,0.015517663422608019,-0.2093139387774403
964,-1.3281866316996578,-1.729865666594482e+39,-0.3732761776558934,-0.5354001719408381
965,-1.5072784392226295,-1.9055497932989026e+39,0.11827012981384832,-0.19370191426047517
966,1.242789810512926,-2.0990762952651297e+39,0.12550963396143353,-0.25769260356436674
967,-0.39162829614608446,-2.3122572334969382e+39,0.2393281104516641,0.2877591439652455
968,0.23380407078976576,-2.54708870083429e+39,0.9268664491089085,0.18166129708915996
969,0.0661611335740894,-2.805769512117001e+39,0.1636858883903729,-0.131153080606816
970,-0.6858547812295427,-3.090721792510295e+39,0.34574931025162225,-0.23588988869631702
971,0.5649918039966488,-3.404613656768435e+39,0.2805722264982529,0.36691673816083126
972,-0.8090722954153984,-3.750384191790864e+39,1.3474246284074165,0.3458534214995053
973,1.3061519683347613,-4.1312709763918655e+39,0.3739734483519699,-0.10701916154514984
974,-1.4964572654014279,-4.550840395961637e+39,0.12153953297770115,-0.14211581746692212
975,1.8575809429122572,-5.013021035866285e+39,0.5414979601487586,-0.06573687635120289
976,-0.6674588366941046,-5.522140466261636e+39,0.3141520443343529,0.3152619855391231
977,-0.9574656241387408,-6.082965762750824e+39,-0.3199677247796535,0.14772483329208658
978,-0.10436895940075763,-6.700748142295725e+39,-0.5520511153271254,0.8207573897527626
979,1.2764056498006295,-7.381272132324978e+39,-0.48214130562122953,0.27477725217103477
980,0.5484952096462923,-8.130909733427318e+39,-0.20007214265292458,0.3597546102191575
981,-0.8339467812559758,-8.956680082775789e+39,-0.40848481923015234,0.7775687871450516
982,0.42841068925784914,-9.866315176933774e+39,-0.4779444303836089,0.5869082003959482
983,-0.42969868122707416,-1.0868332269430075e+40,-0.3562108529028224,1.121238605650059
984,0.40516584022771135,-1.197211362098857e+40,-0.33881810278166985,0.8984043292411044
985,0.3326157073377348,-1.3187994349143708e+40,-0.889646871049586,0.15128047680058931
986,-0.06936334895525137,-1.4527359199810624e+40,-0.9633431853759169,1.2505308004460858
987,-0.1868312307249019,-1.6002749146918263e+40,-1.1583853510916315,0.3009858352835073
988,0.030576853404652424,-1.7627978818237766e+40,0.2932480961256062,0.35844322390724004
989,0.7135603801980157,-1.941826584690802e+40,-0.6051599754942909,1.1470853553916727
990,0.213154427685638,-2.1390373359825106e+40,-0.25552609478128463,0.6804558095253921
991,1.682972198620104,-2.3562766937067724e+40,-0.017017420286832563,0.35753290783044955
992,1.3093487697968653,-2.5955787512028325e+40,0.20919867601663805,0.8474503748100521
993,2.4170668135064464,-2.8591841831178626e+40,-0.11065301147166678,0.2352964543357054
994,-1.1746476444705776,-3.149561225681542e+40,0.37600437421142147,0.9447224118243382
995,-0.3653922224918447,-3.46942878772483e+40,0.4892796908786029,0.6184589156000119
996,1.253897934226813,-3.8217819088400423e+40,0.9060549123861853,0.31279052997649087
997,0.6214535128456843,-4.2099198030564907e+40,1.4398457919752459,1.0660962266901421
998,0.052390852390899724,-4.637476750615129e+40,0.8342524979800053,0.09621553863569526
999,-0.4799659567700347,-5.108456127093419e+40,1.4010916457628984,0.7756431257185086
